,WARNING FLAG,NEXT BEST ACTION,CHURN RISK,CHURN DRIVER,MRR,First Name,Last Name,Title,Account Name,Phone,Email,CLV,Company,CHURN DRIVER - B2B SaaS,CHURN DRIVER - B2C Subs,CHURN DRIVER - B2C Ecom,NEXT BEST ACTION - B2B SaaS,NEXT BEST ACTION - B2C Subs,NEXT BEST ACTION - B2C Ecom,NEXT BEST CHANNEL - B2B SaaS,NEXT BEST CHANNEL - B2C Subs,NEXT BEST CHANNEL - B2C Ecom,Customer Success Manager
0,Risk level up,Upsell mail,High risk,Low engagement,5,Allan,Coad,Project Manager,Kazu,,allan.coad@kazu.com,630,Kazu,Downgraded product,Low engagement,Lives in provincial area,Request demo,Upsell mail,Loyalty email,Product,Ads,Email,Allan Coad
1,Risk level down,Retargetting Ad,High risk,Not onboarded,50,Tish,Martusov,Nurse Practicioner,Kwilith,,tish.martusov@kwilith.com,250,Kwilith,Downgraded product,Not onboarded,Low Engagement,Free consult,Retargetting Ad,Product recommendation,Email,Ads,Ads,Tish Martusov
2,Risk level up,Upsell mail,Low risk,Low engagement,10,Chrissie,Garahan,Teacher,Rhyzio,,chrissie.garahan@rhyzio.com,630,Rhyzio,Not onboarded,Low engagement,Lives in provincial area,Propose new feature,Upsell mail,Product recommendation,Ads,Sms,Telemarketing,Chrissie Garahan
3,Risk level equal,Loyalty Email,Low risk,Low engagement,10,Minette,Bastin,Marketing Manager,Devshare,(491) 197-9210,minette.bastin@devshare.com,630,Devshare,Low Engagement,Low engagement,Low Engagement,Upsell email,Loyalty Email,Crossell email,Telemarketing,Ads,Facebook retargetting,Minette Bastin
4,Risk level equal,Upsell mail,Medium Risk,Early subscription,10,Tanney,Hindenburg,Project Manager,Mybuzz,(495) 292-6291,tanney.hindenburg@mybuzz.com,250,Mybuzz,Increase in complaints,Early subscription,Young age,Upsell email,Upsell mail,Product recommendation,Ads,Email,Ads,Tanney Hindenburg
5,Risk level equal,Loyalty Email,Low risk,Not onboarded,5,Delilah,Roisen,Analyst Programmer,Oyoyo,,delilah.roisen@oyoyo.com,88,Oyoyo,Increase in complaints,Not onboarded,Lives in provincial area,Upsell email,Loyalty Email,Give discount,Email,Ads,Sms,Delilah Roisen
6,Risk level down,Upsell mail,High risk,Early subscription,10,Madelina,Ghidetti,Nurse Practicioner,Flashset,(899) 371-1065,madelina.ghidetti@flashset.com,630,Flashset,Downgraded product,Early subscription,Low Engagement,Request demo,Upsell mail,Crossell email,Product,Email,Facebook retargetting,Madelina Ghidetti
7,Risk level up,Retargetting Ad,Medium Risk,Low engagement,35,Alanah,McKibbin,Software Engineer I,Abatz,,alanah.mckibbin@abatz.com,88,Abatz,Increase in complaints,Low engagement,Young age,Send training video,Retargetting Ad,Upsell email,CSM,Ads,Telemarketing,Alanah McKibbin
8,Risk level equal,Upsell mail,Low risk,Not onboarded,50,Fee,Rawlings,Product Engineer,Voonte,,fee.rawlings@voonte.com,250,Voonte,Not onboarded,Not onboarded,Didnt purchase for a long time,Free consult,Upsell mail,Product recommendation,Ads,Email,Facebook retargetting,Fee Rawlings
9,Risk level equal,Upsell mail,Low risk,Early subscription,35,Nobie,Lean,Financial Analyst,Gabtype,(528) 922-3374,nobie.lean@gabtype.com,250,Gabtype,Increase in complaints,Early subscription,Didnt purchase for a long time,Free consult,Upsell mail,Give discount,Ads,Ads,Email,Nobie Lean
10,Risk level down,Retargetting Ad,Low risk,Low engagement,15,Shelton,Trusty,Senior Sales Associate,Avaveo,(317) 835-1545,shelton.trusty@avaveo.com,630,Avaveo,Increase in complaints,Low engagement,Young age,Request NPS,Retargetting Ad,Free product,CSM,Telemarketing,Ads,Shelton Trusty
11,Risk level up,Loyalty Email,Medium Risk,Low engagement,15,Theressa,Stedell,GIS Technical Architect,Mybuzz,,theressa.stedell@mybuzz.com,88,Mybuzz,Increase in complaints,Low engagement,Young age,Propose new feature,Loyalty Email,Crossell email,Product,Ads,Facebook retargetting,Theressa Stedell
12,Risk level equal,Retargetting Ad,Low risk,Not onboarded,10,Huntlee,Hassen,Media Manager II,Mycat,(512) 401-7279,huntlee.hassen@mycat.com,630,Mycat,Low usage score,Not onboarded,High AOV,Propose new feature,Retargetting Ad,Free product,Telemarketing,Ads,Facebook retargetting,Huntlee Hassen
13,Risk level down,Upsell mail,High risk,Not onboarded,10,Otto,Jurs,VP Sales,Oyoloo,(911) 265-4060,otto.jurs@oyoloo.com,88,Oyoloo,Increase in complaints,Not onboarded,High AOV,Request NPS,Upsell mail,Give discount,Email,Telemarketing,Sms,Otto Jurs
14,Risk level equal,Upsell mail,Medium Risk,Low engagement,10,Sharline,Harrington,Administrative Officer,Miboo,(260) 804-4992,sharline.harrington@miboo.com,250,Miboo,Low Engagement,Low engagement,High AOV,Request demo,Upsell mail,Product recommendation,Email,Facebook retargetting,Email,Sharline Harrington
15,Risk level up,Retargetting Ad,Medium Risk,Low engagement,35,Denys,Loffhead,Operator,Eayo,,denys.loffhead@eayo.com,630,Eayo,New client,Low engagement,Unsubscribed,Free consult,Retargetting Ad,Product recommendation,Telemarketing,Ads,Telemarketing,Denys Loffhead
16,Risk level up,Loyalty Email,High risk,Not onboarded,20,Chevy,Candey,Payment Adjustment Coordinator,Rhynyx,(674) 589-7459,chevy.candey@rhynyx.com,88,Rhynyx,Low Engagement,Not onboarded,Young age,Send training video,Loyalty Email,Loyalty email,Ads,Sms,Email,Chevy Candey
17,Risk level down,Loyalty Email,Medium Risk,Early subscription,5,Manny,Huband,Developer I,Jayo,187-681-5608,manny.huband@jayo.com,630,Jayo,Not onboarded,Early subscription,Unsubscribed,Free consult,Loyalty Email,Crossell email,Telemarketing,Telemarketing,Ads,Manny Huband
18,Risk level up,Retargetting Ad,High risk,Early subscription,20,Emilio,Brach,Electrical Engineer,Twitterlist,(898) 297-7248,emilio.brach@twitterlist.com,250,Twitterlist,Not onboarded,Early subscription,Young age,Upsell email,Retargetting Ad,Free product,Ads,Telemarketing,Sms,Emilio Brach
19,Risk level up,Loyalty Email,Low risk,Not onboarded,20,Milli,McAlindon,Teacher,Camido,,milli.mcalindon@camido.com,250,Camido,Low Engagement,Not onboarded,Young age,Free consult,Loyalty Email,Crossell email,Product,Telemarketing,Telemarketing,Milli McAlindon
20,Risk level up,Retargetting Ad,Medium Risk,Not onboarded,10,Meagan,Twitchett,Payment Adjustment Coordinator,Voolia,,meagan.twitchett@voolia.com,250,Voolia,Increase in complaints,Not onboarded,Lives in provincial area,Propose new feature,Retargetting Ad,Upsell email,Ads,Ads,Ads,Meagan Twitchett
21,Risk level up,Loyalty Email,Medium Risk,Low engagement,20,Tricia,Nelmes,Administrative Officer,Digitube,(552) 663-4412,tricia.nelmes@digitube.com,630,Digitube,Not onboarded,Low engagement,Low Engagement,Request demo,Loyalty Email,Free product,Product,Sms,Ads,Tricia Nelmes
22,Risk level equal,Loyalty Email,Medium Risk,Low engagement,10,Aindrea,Mill,Developer IV,Zoozzy,(886) 904-2607,aindrea.mill@zoozzy.com,250,Zoozzy,Downgraded product,Low engagement,Young age,Upsell email,Loyalty Email,Give discount,Email,Sms,Email,Aindrea Mill
23,Risk level equal,Upsell mail,Medium Risk,Early subscription,20,Perry,Ruthven,Administrative Assistant IV,Npath,(928) 104-0690,perry.ruthven@npath.com,88,Npath,Not onboarded,Early subscription,Low Engagement,Send training video,Upsell mail,Upsell email,Ads,Email,Email,Perry Ruthven
24,Risk level equal,Retargetting Ad,Medium Risk,Early subscription,10,Yoshiko,Brooker,Librarian,Twimm,,yoshiko.brooker@twimm.com,88,Twimm,New client,Early subscription,Didnt purchase for a long time,Upsell email,Retargetting Ad,Crossell email,Email,Sms,Facebook retargetting,Yoshiko Brooker
25,Risk level up,Upsell mail,High risk,Low engagement,20,Raychel,Soutar,Clinical Specialist,Avaveo,,raychel.soutar@avaveo.com,88,Avaveo,New client,Low engagement,Low Engagement,Request NPS,Upsell mail,Give discount,Product,Ads,Email,Raychel Soutar
26,Risk level up,Loyalty Email,Low risk,Early subscription,20,Valaree,Nelissen,Database Administrator I,Yadel,,valaree.nelissen@yadel.com,250,Yadel,Increase in complaints,Early subscription,Unsubscribed,Loyalty email,Loyalty Email,Loyalty email,Email,Telemarketing,Ads,Valaree Nelissen
27,Risk level down,Retargetting Ad,High risk,Low engagement,20,Ferrell,Shipston,Senior Financial Analyst,Gabtype,,ferrell.shipston@gabtype.com,250,Gabtype,Low MRR,Low engagement,Unsubscribed,Request demo,Retargetting Ad,Product recommendation,CSM,Ads,Ads,Ferrell Shipston
28,Risk level down,Retargetting Ad,Medium Risk,Low engagement,20,Todd,Doyley,Human Resources Assistant I,Chatterbridge,128-878-7044,todd.doyley@chatterbridge.com,88,Chatterbridge,Increase in complaints,Low engagement,Lives in provincial area,Propose new feature,Retargetting Ad,Loyalty email,Ads,Facebook retargetting,Sms,Todd Doyley
29,Risk level equal,Upsell mail,High risk,Low engagement,5,Laughton,Hasted,VP Sales,Linklinks,(916) 892-8312,laughton.hasted@linklinks.com,250,Linklinks,Low usage score,Low engagement,Young age,Send training video,Upsell mail,Free product,Product,Telemarketing,Telemarketing,Laughton Hasted
30,Risk level down,Upsell mail,Low risk,Early subscription,15,Jermaine,Eland,Sales Representative,Rhycero,(227) 696-6412,jermaine.eland@rhycero.com,250,Rhycero,Increase in complaints,Early subscription,Young age,Propose new feature,Upsell mail,Upsell email,Email,Email,Sms,Jermaine Eland
31,Risk level up,Retargetting Ad,Medium Risk,Early subscription,35,Rivi,Divver,Marketing Manager,Yakidoo,(260) 972-1812,rivi.divver@yakidoo.com,88,Yakidoo,Increase in complaints,Early subscription,Lives in provincial area,Request NPS,Retargetting Ad,Free product,Telemarketing,Facebook retargetting,Telemarketing,Rivi Divver
32,Risk level up,Retargetting Ad,Low risk,Low engagement,5,Vere,Vanelli,Safety Technician IV,Brainverse,(794) 300-2498,vere.vanelli@brainverse.com,630,Brainverse,Not onboarded,Low engagement,Lives in provincial area,Request demo,Retargetting Ad,Loyalty email,CSM,Email,Sms,Vere Vanelli
33,Risk level equal,Upsell mail,High risk,Low engagement,35,Melania,Meddings,Project Manager,Feednation,,melania.meddings@feednation.com,250,Feednation,Low MRR,Low engagement,High AOV,Request demo,Upsell mail,Give discount,Ads,Facebook retargetting,Sms,Melania Meddings
34,Risk level equal,Loyalty Email,Medium Risk,Low engagement,15,Patricio,Clover,Cost Accountant,Aibox,(861) 194-0337,patricio.clover@aibox.com,250,Aibox,Not onboarded,Low engagement,Young age,Free consult,Loyalty Email,Product recommendation,Product,Sms,Email,Patricio Clover
35,Risk level equal,Loyalty Email,Low risk,Early subscription,35,Claus,Geall,Assistant Professor,Twitternation,(976) 939-8429,claus.geall@twitternation.com,250,Twitternation,Low MRR,Early subscription,Didnt purchase for a long time,Free consult,Loyalty Email,Upsell email,Email,Facebook retargetting,Sms,Claus Geall
36,Risk level up,Loyalty Email,Medium Risk,Low engagement,5,Ham,Ambrogiotti,Biostatistician III,Omba,(981) 913-8606,ham.ambrogiotti@omba.com,88,Omba,Increase in complaints,Low engagement,Low Engagement,Upsell email,Loyalty Email,Crossell email,Ads,Ads,Telemarketing,Ham Ambrogiotti
37,Risk level down,Retargetting Ad,Medium Risk,Low engagement,10,Ingmar,Stanmer,Software Engineer I,Thoughtstorm,,ingmar.stanmer@thoughtstorm.com,88,Thoughtstorm,Low usage score,Low engagement,Low Engagement,Free consult,Retargetting Ad,Product recommendation,Telemarketing,Ads,Email,Ingmar Stanmer
38,Risk level equal,Loyalty Email,Medium Risk,Not onboarded,5,Dorothea,Liddiard,Desktop Support Technician,Mydeo,,dorothea.liddiard@mydeo.com,630,Mydeo,Downgraded product,Not onboarded,Low Engagement,Upsell email,Loyalty Email,Product recommendation,Product,Ads,Sms,Dorothea Liddiard
39,Risk level up,Upsell mail,Low risk,Early subscription,50,Murray,Jeannel,Staff Scientist,Topiczoom,(863) 597-0504,murray.jeannel@topiczoom.com,630,Topiczoom,Not onboarded,Early subscription,Didnt purchase for a long time,Request demo,Upsell mail,Loyalty email,Ads,Sms,Sms,Murray Jeannel
40,Risk level down,Retargetting Ad,Medium Risk,Not onboarded,15,Tera,Cordet,Human Resources Manager,Browsedrive,,tera.cordet@browsedrive.com,250,Browsedrive,Low MRR,Not onboarded,High AOV,Propose new feature,Retargetting Ad,Loyalty email,Telemarketing,Ads,Ads,Tera Cordet
41,Risk level up,Upsell mail,Low risk,Not onboarded,15,Conant,Server,Sales Associate,Voonte,125-426-3626,conant.server@voonte.com,630,Voonte,Low MRR,Not onboarded,Young age,Request NPS,Upsell mail,Product recommendation,CSM,Sms,Sms,Conant Server
42,Risk level up,Loyalty Email,High risk,Low engagement,50,Marti,Smerdon,Health Coach II,Abatz,,marti.smerdon@abatz.com,250,Abatz,Downgraded product,Low engagement,High AOV,Upsell email,Loyalty Email,Product recommendation,Product,Sms,Facebook retargetting,Marti Smerdon
43,Risk level down,Retargetting Ad,High risk,Not onboarded,35,Maisey,Gomby,Internal Auditor,Yotz,(716) 462-5303,maisey.gomby@yotz.com,250,Yotz,Downgraded product,Not onboarded,Low Engagement,Propose new feature,Retargetting Ad,Upsell email,CSM,Facebook retargetting,Ads,Maisey Gomby
44,Risk level up,Retargetting Ad,High risk,Not onboarded,20,Dall,Jodrelle,Account Executive,Aibox,(597) 163-8728,dall.jodrelle@aibox.com,630,Aibox,Low Engagement,Not onboarded,Young age,Request demo,Retargetting Ad,Loyalty email,CSM,Telemarketing,Telemarketing,Dall Jodrelle
45,Risk level equal,Retargetting Ad,High risk,Not onboarded,10,Farlie,Angliss,Structural Analysis Engineer,Thoughtblab,,farlie.angliss@thoughtblab.com,88,Thoughtblab,Low Engagement,Not onboarded,Didnt purchase for a long time,Request demo,Retargetting Ad,Give discount,Email,Telemarketing,Ads,Farlie Angliss
46,Risk level equal,Loyalty Email,Low risk,Not onboarded,50,Fredrick,Dinzey,Computer Systems Analyst IV,Feedmix,,fredrick.dinzey@feedmix.com,250,Feedmix,Low MRR,Not onboarded,Didnt purchase for a long time,Request demo,Loyalty Email,Crossell email,Product,Sms,Sms,Fredrick Dinzey
47,Risk level up,Retargetting Ad,High risk,Not onboarded,15,Vivian,Smewings,Staff Scientist,Avavee,(309) 270-7945,vivian.smewings@avavee.com,630,Avavee,Low Engagement,Not onboarded,High AOV,Free consult,Retargetting Ad,Upsell email,Telemarketing,Facebook retargetting,Email,Vivian Smewings
48,Risk level equal,Retargetting Ad,High risk,Low engagement,10,Morgana,Schwaiger,Office Assistant IV,Oodoo,(665) 384-3084,morgana.schwaiger@oodoo.com,630,Oodoo,Low Engagement,Low engagement,Lives in provincial area,Send training video,Retargetting Ad,Upsell email,CSM,Sms,Sms,Morgana Schwaiger
49,Risk level up,Upsell mail,Low risk,Low engagement,5,Bunnie,Dorr,Graphic Designer,Brainverse,,bunnie.dorr@brainverse.com,88,Brainverse,Not onboarded,Low engagement,Lives in provincial area,Send training video,Upsell mail,Free product,Product,Telemarketing,Sms,Bunnie Dorr
50,Risk level down,Retargetting Ad,Low risk,Not onboarded,5,Bennie,Hawkswood,Associate Professor,Yakijo,(449) 987-3126,bennie.hawkswood@yakijo.com,250,Yakijo,Low Engagement,Not onboarded,Low Engagement,Propose new feature,Retargetting Ad,Product recommendation,Email,Ads,Telemarketing,Bennie Hawkswood
51,Risk level down,Loyalty Email,High risk,Low engagement,10,Audre,Hew,Operator,Rhynyx,167-979-1480,audre.hew@rhynyx.com,630,Rhynyx,Not onboarded,Low engagement,Didnt purchase for a long time,Propose new feature,Loyalty Email,Give discount,Email,Telemarketing,Telemarketing,Audre Hew
52,Risk level equal,Loyalty Email,High risk,Early subscription,10,Jaimie,Gussie,Business Systems Development Analyst,Twimbo,(778) 893-9808,jaimie.gussie@twimbo.com,630,Twimbo,Low Engagement,Early subscription,Didnt purchase for a long time,Free consult,Loyalty Email,Free product,Email,Ads,Facebook retargetting,Jaimie Gussie
53,Risk level up,Loyalty Email,High risk,Low engagement,10,Gerick,Basso,Registered Nurse,MeejoMeemm,(727) 768-8792,gerick.basso@meejomeemm.com,250,MeejoMeemm,Increase in complaints,Low engagement,Young age,Send training video,Loyalty Email,Free product,Product,Sms,Sms,Gerick Basso
54,Risk level down,Upsell mail,Low risk,Not onboarded,5,Ilise,Doncom,Editor,Voonix,(270) 379-4242,ilise.doncom@voonix.com,250,Voonix,New client,Not onboarded,Lives in provincial area,Free consult,Upsell mail,Give discount,CSM,Ads,Ads,Ilise Doncom
55,Risk level equal,Retargetting Ad,Low risk,Not onboarded,20,Violante,Kwiek,VP Marketing,Rhynyx,(505) 892-9478,violante.kwiek@rhynyx.com,88,Rhynyx,Downgraded product,Not onboarded,Young age,Propose new feature,Retargetting Ad,Give discount,Email,Telemarketing,Facebook retargetting,Violante Kwiek
56,Risk level equal,Loyalty Email,High risk,Not onboarded,10,Dillie,Annakin,Information Systems Manager,Mybuzz,,dillie.annakin@mybuzz.com,630,Mybuzz,New client,Not onboarded,Young age,Upsell email,Loyalty Email,Free product,Product,Telemarketing,Facebook retargetting,Dillie Annakin
57,Risk level up,Loyalty Email,High risk,Early subscription,5,Celia,Foottit,Account Executive,Browsetype,(319) 446-1828,celia.foottit@browsetype.com,88,Browsetype,Low MRR,Early subscription,Didnt purchase for a long time,Send training video,Loyalty Email,Product recommendation,CSM,Ads,Sms,Celia Foottit
58,Risk level down,Retargetting Ad,High risk,Not onboarded,15,Shellysheldon,Roos,Social Worker,Twitternation,(708) 209-2422,shellysheldon.roos@twitternation.com,88,Twitternation,Not onboarded,Not onboarded,Low Engagement,Send training video,Retargetting Ad,Loyalty email,CSM,Facebook retargetting,Email,Shellysheldon Roos
59,Risk level equal,Upsell mail,Low risk,Low engagement,5,Lucienne,Dansey,Accounting Assistant II,Yata,,lucienne.dansey@yata.com,250,Yata,Low MRR,Low engagement,High AOV,Send training video,Upsell mail,Product recommendation,Product,Email,Ads,Lucienne Dansey
60,Risk level up,Retargetting Ad,Medium Risk,Low engagement,5,Owen,Cruttenden,Computer Systems Analyst III,Yombu,(318) 854-3040,owen.cruttenden@yombu.com,250,Yombu,Not onboarded,Low engagement,Lives in provincial area,Free consult,Retargetting Ad,Loyalty email,Telemarketing,Email,Sms,Owen Cruttenden
61,Risk level up,Retargetting Ad,Low risk,Not onboarded,50,Gun,Sapseed,Database Administrator II,Aibox,(803) 178-3930,gun.sapseed@aibox.com,250,Aibox,Downgraded product,Not onboarded,Unsubscribed,Propose new feature,Retargetting Ad,Product recommendation,Email,Facebook retargetting,Telemarketing,Gun Sapseed
62,Risk level equal,Retargetting Ad,Low risk,Not onboarded,50,Tiffie,Rodgers,Nurse,Devcast,,tiffie.rodgers@devcast.com,88,Devcast,Downgraded product,Not onboarded,Low Engagement,Request demo,Retargetting Ad,Upsell email,CSM,Facebook retargetting,Sms,Tiffie Rodgers
63,Risk level down,Loyalty Email,Medium Risk,Low engagement,10,Olia,Eastmond,Recruiting Manager,Wordpedia,(289) 261-5334,olia.eastmond@wordpedia.com,250,Wordpedia,Low MRR,Low engagement,Low Engagement,Loyalty email,Loyalty Email,Crossell email,Product,Email,Telemarketing,Olia Eastmond
64,Risk level up,Loyalty Email,Medium Risk,Low engagement,15,Upton,Howsin,Compensation Analyst,Nlounge,(614) 364-3310,upton.howsin@nlounge.com,630,Nlounge,Downgraded product,Low engagement,Young age,Send training video,Loyalty Email,Free product,Telemarketing,Ads,Sms,Upton Howsin
65,Risk level equal,Loyalty Email,Low risk,Low engagement,50,Ileana,McCoish,Pharmacist,Tazzy,,ileana.mccoish@tazzy.com,88,Tazzy,Low Engagement,Low engagement,Young age,Request NPS,Loyalty Email,Free product,CSM,Sms,Sms,Ileana McCoish
66,Risk level up,Retargetting Ad,High risk,Not onboarded,35,Leora,Risman,Database Administrator III,Mita,,leora.risman@mita.com,88,Mita,Low MRR,Not onboarded,High AOV,Free consult,Retargetting Ad,Loyalty email,CSM,Sms,Sms,Leora Risman
67,Risk level down,Upsell mail,Medium Risk,Not onboarded,10,Rosalinda,McEnery,Geologist III,Edgetag,,rosalinda.mcenery@edgetag.com,88,Edgetag,New client,Not onboarded,Didnt purchase for a long time,Send training video,Upsell mail,Upsell email,Product,Facebook retargetting,Ads,Rosalinda McEnery
68,Risk level up,Retargetting Ad,High risk,Early subscription,15,Rube,Sisnett,Health Coach I,Cogidoo,,rube.sisnett@cogidoo.com,88,Cogidoo,Increase in complaints,Early subscription,High AOV,Request NPS,Retargetting Ad,Loyalty email,Ads,Ads,Email,Rube Sisnett
69,Risk level equal,Retargetting Ad,Low risk,Not onboarded,35,Herb,Mainston,Food Chemist,Yodo,,herb.mainston@yodo.com,250,Yodo,Low MRR,Not onboarded,Unsubscribed,Send training video,Retargetting Ad,Loyalty email,CSM,Facebook retargetting,Email,Herb Mainston
70,Risk level equal,Retargetting Ad,Low risk,Not onboarded,15,Nikki,Vearncombe,Tax Accountant,Cogibox,(946) 548-6728,nikki.vearncombe@cogibox.com,88,Cogibox,Low usage score,Not onboarded,Didnt purchase for a long time,Request demo,Retargetting Ad,Loyalty email,Telemarketing,Ads,Ads,Nikki Vearncombe
71,Risk level equal,Retargetting Ad,Low risk,Low engagement,50,Emiline,Bohden,Food Chemist,Abata,,emiline.bohden@abata.com,88,Abata,New client,Low engagement,Lives in provincial area,Propose new feature,Retargetting Ad,Give discount,Product,Facebook retargetting,Ads,Emiline Bohden
72,Risk level down,Upsell mail,High risk,Early subscription,10,Shirlene,Garland,Data Coordiator,Centidel,,shirlene.garland@centidel.com,88,Centidel,Low usage score,Early subscription,Lives in provincial area,Upsell email,Upsell mail,Upsell email,Email,Facebook retargetting,Sms,Shirlene Garland
73,Risk level down,Upsell mail,Medium Risk,Low engagement,15,Jules,Crosfield,Accountant II,Browsetype,(946) 310-1908,jules.crosfield@browsetype.com,250,Browsetype,Low MRR,Low engagement,Low Engagement,Loyalty email,Upsell mail,Crossell email,Ads,Facebook retargetting,Telemarketing,Jules Crosfield
74,Risk level down,Retargetting Ad,Low risk,Not onboarded,35,Toby,Ducker,Geological Engineer,Voonix,(392) 810-7989,toby.ducker@voonix.com,250,Voonix,Low MRR,Not onboarded,Unsubscribed,Send training video,Retargetting Ad,Free product,Telemarketing,Sms,Facebook retargetting,Toby Ducker
75,Risk level down,Retargetting Ad,High risk,Early subscription,50,Kennan,Baskett,Structural Engineer,Avamm,(337) 644-3334,kennan.baskett@avamm.com,88,Avamm,Downgraded product,Early subscription,High AOV,Propose new feature,Retargetting Ad,Loyalty email,Email,Sms,Ads,Kennan Baskett
76,Risk level equal,Upsell mail,High risk,Not onboarded,10,Marina,Twidell,Human Resources Manager,Gevee,,marina.twidell@gevee.com,630,Gevee,Downgraded product,Not onboarded,Lives in provincial area,Upsell email,Upsell mail,Give discount,CSM,Ads,Ads,Marina Twidell
77,Risk level equal,Upsell mail,Medium Risk,Not onboarded,20,Karlik,McGonigle,Senior Financial Analyst,Skiba,,karlik.mcgonigle@skiba.com,88,Skiba,Low Engagement,Not onboarded,Low Engagement,Free consult,Upsell mail,Upsell email,Telemarketing,Ads,Sms,Karlik McGonigle
78,Risk level up,Upsell mail,Medium Risk,Low engagement,20,Korie,Coda,Compensation Analyst,Photojam,(295) 394-3111,korie.coda@photojam.com,88,Photojam,Low MRR,Low engagement,High AOV,Loyalty email,Upsell mail,Upsell email,Email,Facebook retargetting,Email,Korie Coda
79,Risk level equal,Upsell mail,Low risk,Not onboarded,15,Jorrie,Gammill,Accounting Assistant II,Gabvine,,jorrie.gammill@gabvine.com,88,Gabvine,Downgraded product,Not onboarded,Low Engagement,Loyalty email,Upsell mail,Product recommendation,Ads,Sms,Ads,Jorrie Gammill
80,Risk level up,Retargetting Ad,Low risk,Low engagement,20,Ruprecht,Goldwater,Budget/Accounting Analyst IV,Einti,,ruprecht.goldwater@einti.com,250,Einti,Low MRR,Low engagement,Young age,Request demo,Retargetting Ad,Upsell email,Telemarketing,Facebook retargetting,Email,Ruprecht Goldwater
81,Risk level equal,Retargetting Ad,Medium Risk,Low engagement,15,Griz,Biddy,Nurse Practicioner,Browseblab,,griz.biddy@browseblab.com,630,Browseblab,Low MRR,Low engagement,Didnt purchase for a long time,Propose new feature,Retargetting Ad,Loyalty email,Product,Email,Facebook retargetting,Griz Biddy
82,Risk level equal,Loyalty Email,Medium Risk,Low engagement,20,Nefen,Casale,Analog Circuit Design manager,Trilith,,nefen.casale@trilith.com,630,Trilith,Downgraded product,Low engagement,Young age,Request NPS,Loyalty Email,Crossell email,Telemarketing,Facebook retargetting,Telemarketing,Nefen Casale
83,Risk level equal,Loyalty Email,High risk,Not onboarded,5,Hamil,Milam,Quality Control Specialist,Jayo,(972) 865-2351,hamil.milam@jayo.com,88,Jayo,Downgraded product,Not onboarded,High AOV,Upsell email,Loyalty Email,Upsell email,Product,Facebook retargetting,Email,Hamil Milam
84,Risk level down,Upsell mail,Medium Risk,Not onboarded,20,Garwood,Tanguy,Database Administrator IV,Skalith,,garwood.tanguy@skalith.com,250,Skalith,Low Engagement,Not onboarded,High AOV,Free consult,Upsell mail,Crossell email,Telemarketing,Ads,Email,Garwood Tanguy
85,Risk level down,Loyalty Email,Medium Risk,Early subscription,20,Camala,Gibb,Information Systems Manager,Oba,,camala.gibb@oba.com,250,Oba,Increase in complaints,Early subscription,High AOV,Request NPS,Loyalty Email,Loyalty email,Ads,Sms,Telemarketing,Camala Gibb
86,Risk level up,Loyalty Email,Medium Risk,Low engagement,5,Pasquale,Witheford,Analyst Programmer,Mycat,127-301-4375,pasquale.witheford@mycat.com,250,Mycat,Increase in complaints,Low engagement,Lives in provincial area,Propose new feature,Loyalty Email,Loyalty email,CSM,Ads,Facebook retargetting,Pasquale Witheford
87,Risk level up,Upsell mail,Medium Risk,Low engagement,15,Tildi,Harkins,Senior Editor,Mydeo,(823) 364-6344,tildi.harkins@mydeo.com,630,Mydeo,Increase in complaints,Low engagement,Didnt purchase for a long time,Propose new feature,Upsell mail,Product recommendation,Telemarketing,Facebook retargetting,Ads,Tildi Harkins
88,Risk level down,Upsell mail,Medium Risk,Not onboarded,10,Judah,Addicote,Senior Cost Accountant,Blogtag,(512) 803-4271,judah.addicote@blogtag.com,88,Blogtag,Low Engagement,Not onboarded,Low Engagement,Send training video,Upsell mail,Upsell email,Ads,Facebook retargetting,Sms,Judah Addicote
89,Risk level up,Retargetting Ad,Low risk,Low engagement,10,Albina,Semrad,Speech Pathologist,Demivee,(247) 904-3017,albina.semrad@demivee.com,88,Demivee,Low MRR,Low engagement,Low Engagement,Loyalty email,Retargetting Ad,Give discount,Ads,Telemarketing,Sms,Albina Semrad
90,Risk level equal,Loyalty Email,Medium Risk,Early subscription,15,Cristionna,Filippucci,Nuclear Power Engineer,Topiczoom,,cristionna.filippucci@topiczoom.com,250,Topiczoom,Low MRR,Early subscription,Young age,Upsell email,Loyalty Email,Product recommendation,Ads,Sms,Sms,Cristionna Filippucci
91,Risk level equal,Loyalty Email,Medium Risk,Early subscription,5,Aidan,Samudio,Human Resources Manager,Agivu,,aidan.samudio@agivu.com,630,Agivu,Low usage score,Early subscription,High AOV,Send training video,Loyalty Email,Give discount,Email,Sms,Sms,Aidan Samudio
92,Risk level equal,Retargetting Ad,Low risk,Early subscription,5,Torrance,Leebeter,Senior Sales Associate,Edgetag,107-520-3076,torrance.leebeter@edgetag.com,630,Edgetag,Increase in complaints,Early subscription,High AOV,Loyalty email,Retargetting Ad,Upsell email,Email,Facebook retargetting,Email,Torrance Leebeter
93,Risk level up,Retargetting Ad,Low risk,Not onboarded,10,Georgiana,Prys,Professor,Demivee,(321) 602-4772,georgiana.prys@demivee.com,88,Demivee,New client,Not onboarded,Didnt purchase for a long time,Propose new feature,Retargetting Ad,Give discount,Telemarketing,Email,Sms,Georgiana Prys
94,Risk level equal,Upsell mail,Medium Risk,Low engagement,15,Arleyne,Brocking,Assistant Professor,Jabbertype,(630) 447-7405,arleyne.brocking@jabbertype.com,88,Jabbertype,Increase in complaints,Low engagement,Low Engagement,Propose new feature,Upsell mail,Crossell email,Product,Telemarketing,Sms,Arleyne Brocking
95,Risk level equal,Loyalty Email,Medium Risk,Low engagement,5,Milton,Strotton,Recruiter,Avavee,,milton.strotton@avavee.com,250,Avavee,New client,Low engagement,Young age,Request NPS,Loyalty Email,Crossell email,Ads,Email,Sms,Milton Strotton
96,Risk level up,Retargetting Ad,High risk,Not onboarded,35,Bernie,Barsham,Professor,Yakijo,173-159-4584,bernie.barsham@yakijo.com,88,Yakijo,Low usage score,Not onboarded,Unsubscribed,Propose new feature,Retargetting Ad,Product recommendation,Email,Ads,Facebook retargetting,Bernie Barsham
97,Risk level down,Loyalty Email,Low risk,Early subscription,35,Edee,Espinola,Civil Engineer,Wordware,(910) 630-7384,edee.espinola@wordware.com,630,Wordware,Increase in complaints,Early subscription,Low Engagement,Free consult,Loyalty Email,Loyalty email,Telemarketing,Ads,Ads,Edee Espinola
98,Risk level down,Loyalty Email,Medium Risk,Early subscription,35,Rolf,Tandy,Senior Financial Analyst,Yakidoo,(619) 449-5411,rolf.tandy@yakidoo.com,88,Yakidoo,Not onboarded,Early subscription,Young age,Upsell email,Loyalty Email,Free product,Email,Email,Facebook retargetting,Rolf Tandy
99,Risk level down,Loyalty Email,Medium Risk,Not onboarded,10,Kattie,Tritten,Legal Assistant,Gabvine,,kattie.tritten@gabvine.com,630,Gabvine,Not onboarded,Not onboarded,Young age,Upsell email,Loyalty Email,Product recommendation,Email,Ads,Facebook retargetting,Kattie Tritten
100,Risk level up,Upsell mail,Medium Risk,Not onboarded,10,Nolie,Junkin,VP Accounting,Muxo,(232) 533-8240,nolie.junkin@muxo.com,630,Muxo,Downgraded product,Not onboarded,Young age,Request NPS,Upsell mail,Upsell email,Ads,Email,Ads,Nolie Junkin
101,Risk level equal,Loyalty Email,Low risk,Early subscription,50,Kali,McCaughren,Professor,Vimbo,166-762-9956,kali.mccaughren@vimbo.com,88,Vimbo,Low usage score,Early subscription,Low Engagement,Free consult,Loyalty Email,Product recommendation,CSM,Ads,Facebook retargetting,Kali McCaughren
102,Risk level down,Retargetting Ad,Low risk,Low engagement,35,Elizabeth,McErlaine,Administrative Officer,Youspan,,elizabeth.mcerlaine@youspan.com,630,Youspan,Low Engagement,Low engagement,Low Engagement,Send training video,Retargetting Ad,Upsell email,Ads,Sms,Ads,Elizabeth McErlaine
103,Risk level down,Upsell mail,Medium Risk,Low engagement,35,Roberto,Romaynes,Product Engineer,Yoveo,(381) 587-0223,roberto.romaynes@yoveo.com,88,Yoveo,New client,Low engagement,Low Engagement,Send training video,Upsell mail,Give discount,Telemarketing,Ads,Facebook retargetting,Roberto Romaynes
104,Risk level down,Loyalty Email,Medium Risk,Early subscription,10,Stefan,Nelissen,Programmer II,Myworks,,stefan.nelissen@myworks.com,630,Myworks,Increase in complaints,Early subscription,Low Engagement,Send training video,Loyalty Email,Free product,CSM,Email,Sms,Stefan Nelissen
105,Risk level up,Retargetting Ad,Medium Risk,Low engagement,35,Feodora,MacKaile,Research Associate,Photojam,(941) 988-2515,feodora.mackaile@photojam.com,88,Photojam,Low MRR,Low engagement,High AOV,Free consult,Retargetting Ad,Product recommendation,Email,Ads,Facebook retargetting,Feodora MacKaile
106,Risk level down,Upsell mail,Medium Risk,Early subscription,35,Stefan,De Vaan,Financial Analyst,Yakidoo,(318) 203-8152,stefan.devaan@yakidoo.com,88,Yakidoo,Low MRR,Early subscription,Unsubscribed,Loyalty email,Upsell mail,Free product,CSM,Email,Ads,Stefan De Vaan
107,Risk level down,Upsell mail,Medium Risk,Low engagement,50,Lydia,Kwiek,Senior Sales Associate,Linktype,(693) 370-2458,lydia.kwiek@linktype.com,250,Linktype,Increase in complaints,Low engagement,Unsubscribed,Free consult,Upsell mail,Product recommendation,CSM,Ads,Email,Lydia Kwiek
108,Risk level equal,Upsell mail,High risk,Early subscription,15,Aldous,Terney,Senior Developer,Babbleopia,(254) 571-2204,aldous.terney@babbleopia.com,630,Babbleopia,Downgraded product,Early subscription,Lives in provincial area,Free consult,Upsell mail,Give discount,Product,Sms,Ads,Aldous Terney
109,Risk level up,Loyalty Email,Medium Risk,Not onboarded,15,Kelcy,Earwicker,Compensation Analyst,Muxo,,kelcy.earwicker@muxo.com,250,Muxo,New client,Not onboarded,Didnt purchase for a long time,Upsell email,Loyalty Email,Loyalty email,Email,Facebook retargetting,Ads,Kelcy Earwicker
110,Risk level down,Retargetting Ad,Low risk,Not onboarded,15,Jae,Spaduzza,Operator,Devshare,,jae.spaduzza@devshare.com,250,Devshare,Low MRR,Not onboarded,Young age,Request demo,Retargetting Ad,Crossell email,Ads,Ads,Sms,Jae Spaduzza
111,Risk level up,Upsell mail,Medium Risk,Not onboarded,15,Reggi,Fortin,Research Associate,Skinix,176-872-6600,reggi.fortin@skinix.com,88,Skinix,Downgraded product,Not onboarded,Low Engagement,Request NPS,Upsell mail,Give discount,Ads,Ads,Ads,Reggi Fortin
112,Risk level down,Loyalty Email,High risk,Low engagement,35,Aggie,Lawly,Software Engineer III,Rooxo,144-501-2766,aggie.lawly@rooxo.com,88,Rooxo,Low Engagement,Low engagement,Young age,Send training video,Loyalty Email,Upsell email,Email,Email,Sms,Aggie Lawly
113,Risk level down,Retargetting Ad,Medium Risk,Low engagement,5,Keenan,Hearst,Pharmacist,Yakidoo,,keenan.hearst@yakidoo.com,250,Yakidoo,Low MRR,Low engagement,Didnt purchase for a long time,Request NPS,Retargetting Ad,Product recommendation,Ads,Email,Email,Keenan Hearst
114,Risk level up,Loyalty Email,Medium Risk,Early subscription,10,Edward,Colliard,Senior Editor,Meezzy,(293) 365-7149,edward.colliard@meezzy.com,630,Meezzy,Downgraded product,Early subscription,Low Engagement,Loyalty email,Loyalty Email,Loyalty email,CSM,Sms,Sms,Edward Colliard
115,Risk level up,Upsell mail,Medium Risk,Low engagement,10,Adina,Jolly,Dental Hygienist,Skyvu,,adina.jolly@skyvu.com,630,Skyvu,Low usage score,Low engagement,High AOV,Upsell email,Upsell mail,Product recommendation,Email,Email,Email,Adina Jolly
116,Risk level up,Upsell mail,Medium Risk,Not onboarded,20,Andi,Sakins,Graphic Designer,Dynabox,194-904-1167,andi.sakins@dynabox.com,88,Dynabox,Downgraded product,Not onboarded,Low Engagement,Request demo,Upsell mail,Crossell email,Ads,Telemarketing,Facebook retargetting,Andi Sakins
117,Risk level equal,Upsell mail,Low risk,Not onboarded,50,Lilah,Swinbourne,Budget/Accounting Analyst I,Meezzy,(738) 595-3717,lilah.swinbourne@meezzy.com,250,Meezzy,Not onboarded,Not onboarded,Didnt purchase for a long time,Upsell email,Upsell mail,Product recommendation,Email,Email,Facebook retargetting,Lilah Swinbourne
118,Risk level equal,Upsell mail,High risk,Not onboarded,20,Anthony,Ralls,Programmer I,Rhyzio,(588) 132-8236,anthony.ralls@rhyzio.com,88,Rhyzio,Downgraded product,Not onboarded,Young age,Request demo,Upsell mail,Product recommendation,Ads,Facebook retargetting,Facebook retargetting,Anthony Ralls
119,Risk level up,Upsell mail,Low risk,Low engagement,15,Evelyn,Paybody,Safety Technician IV,Wordtune,,evelyn.paybody@wordtune.com,88,Wordtune,Low MRR,Low engagement,Low Engagement,Loyalty email,Upsell mail,Upsell email,Email,Facebook retargetting,Facebook retargetting,Evelyn Paybody
120,Risk level equal,Retargetting Ad,High risk,Not onboarded,35,Ronald,Bewsy,Structural Engineer,Dabtype,(652) 996-4092,ronald.bewsy@dabtype.com,88,Dabtype,Low usage score,Not onboarded,Young age,Upsell email,Retargetting Ad,Loyalty email,Ads,Sms,Sms,Ronald Bewsy
121,Risk level up,Upsell mail,High risk,Early subscription,35,Dulcea,Mapam,Staff Scientist,Dynabox,,dulcea.mapam@dynabox.com,630,Dynabox,Low MRR,Early subscription,High AOV,Request demo,Upsell mail,Product recommendation,Product,Facebook retargetting,Telemarketing,Dulcea Mapam
122,Risk level up,Loyalty Email,Low risk,Low engagement,20,Durante,Daysh,Software Test Engineer III,Realcube,,durante.daysh@realcube.com,88,Realcube,Low Engagement,Low engagement,Low Engagement,Send training video,Loyalty Email,Loyalty email,Ads,Email,Facebook retargetting,Durante Daysh
123,Risk level up,Upsell mail,High risk,Low engagement,50,Sloane,Gerritzen,Actuary,Flashpoint,(380) 930-0489,sloane.gerritzen@flashpoint.com,630,Flashpoint,Low MRR,Low engagement,Unsubscribed,Upsell email,Upsell mail,Free product,CSM,Email,Email,Sloane Gerritzen
124,Risk level equal,Loyalty Email,High risk,Early subscription,20,Chadwick,Asher,Research Assistant IV,Yakitri,(229) 268-8874,chadwick.asher@yakitri.com,88,Yakitri,New client,Early subscription,Low Engagement,Propose new feature,Loyalty Email,Loyalty email,Email,Facebook retargetting,Email,Chadwick Asher
125,Risk level up,Retargetting Ad,High risk,Early subscription,5,Cole,Pawle,Senior Financial Analyst,Mybuzz,,cole.pawle@mybuzz.com,250,Mybuzz,Downgraded product,Early subscription,Young age,Send training video,Retargetting Ad,Free product,CSM,Email,Email,Cole Pawle
126,Risk level down,Retargetting Ad,Medium Risk,Not onboarded,5,Randene,Redding,Electrical Engineer,Jaloo,,randene.redding@jaloo.com,250,Jaloo,Increase in complaints,Not onboarded,Lives in provincial area,Loyalty email,Retargetting Ad,Free product,Ads,Email,Facebook retargetting,Randene Redding
127,Risk level down,Loyalty Email,High risk,Not onboarded,20,Stanford,Shearsby,Senior Developer,Janyx,,stanford.shearsby@janyx.com,250,Janyx,Not onboarded,Not onboarded,Unsubscribed,Loyalty email,Loyalty Email,Upsell email,Email,Sms,Ads,Stanford Shearsby
128,Risk level up,Retargetting Ad,Low risk,Low engagement,10,Emlynne,Gutsell,Software Engineer IV,Jazzy,,emlynne.gutsell@jazzy.com,630,Jazzy,Low MRR,Low engagement,Young age,Request demo,Retargetting Ad,Free product,Product,Email,Email,Emlynne Gutsell
129,Risk level up,Retargetting Ad,Medium Risk,Early subscription,20,Marie-ann,Diche,Analyst Programmer,Meezzy,(587) 774-7806,marie-ann.diche@meezzy.com,630,Meezzy,Increase in complaints,Early subscription,Unsubscribed,Loyalty email,Retargetting Ad,Free product,Telemarketing,Email,Sms,Marie-ann Diche
130,Risk level down,Upsell mail,High risk,Not onboarded,50,Derby,Cheers,Office Assistant II,Myworks,,derby.cheers@myworks.com,630,Myworks,Low Engagement,Not onboarded,Low Engagement,Free consult,Upsell mail,Give discount,Product,Telemarketing,Facebook retargetting,Derby Cheers
131,Risk level up,Upsell mail,Medium Risk,Early subscription,5,Madelon,Antoniottii,Quality Engineer,Yombu,,madelon.antoniottii@yombu.com,630,Yombu,Increase in complaints,Early subscription,Unsubscribed,Propose new feature,Upsell mail,Give discount,Telemarketing,Sms,Email,Madelon Antoniottii
132,Risk level down,Retargetting Ad,Low risk,Low engagement,50,Garey,Batt,Associate Professor,Eire,(281) 439-4810,garey.batt@eire.com,630,Eire,Downgraded product,Low engagement,Didnt purchase for a long time,Upsell email,Retargetting Ad,Give discount,Telemarketing,Facebook retargetting,Facebook retargetting,Garey Batt
133,Risk level up,Retargetting Ad,Low risk,Not onboarded,35,Fredek,Targetter,Health Coach IV,Muxo,176-651-2774,fredek.targetter@muxo.com,250,Muxo,Not onboarded,Not onboarded,Lives in provincial area,Upsell email,Retargetting Ad,Crossell email,Telemarketing,Email,Sms,Fredek Targetter
134,Risk level up,Retargetting Ad,Low risk,Not onboarded,5,Brunhilde,Whyte,Internal Auditor,Yombu,(798) 199-2538,brunhilde.whyte@yombu.com,630,Yombu,Low Engagement,Not onboarded,High AOV,Upsell email,Retargetting Ad,Product recommendation,Product,Email,Facebook retargetting,Brunhilde Whyte
135,Risk level down,Retargetting Ad,Low risk,Not onboarded,5,Nerti,Davidek,Administrative Assistant III,Muxo,,nerti.davidek@muxo.com,88,Muxo,Low usage score,Not onboarded,High AOV,Upsell email,Retargetting Ad,Free product,Ads,Email,Telemarketing,Nerti Davidek
136,Risk level up,Upsell mail,High risk,Not onboarded,10,Marcus,Balnaves,Software Consultant,Realbridge,(696) 935-9781,marcus.balnaves@realbridge.com,250,Realbridge,Low Engagement,Not onboarded,High AOV,Send training video,Upsell mail,Crossell email,Telemarketing,Facebook retargetting,Facebook retargetting,Marcus Balnaves
137,Risk level equal,Upsell mail,High risk,Not onboarded,10,Bucky,Hubbucks,Staff Accountant IV,Gevee,,bucky.hubbucks@gevee.com,250,Gevee,Downgraded product,Not onboarded,Low Engagement,Free consult,Upsell mail,Free product,Email,Telemarketing,Ads,Bucky Hubbucks
138,Risk level down,Loyalty Email,Low risk,Early subscription,15,Lenora,Parzis,Teacher,Yadel,(922) 515-3245,lenora.parzis@yadel.com,88,Yadel,Low MRR,Early subscription,High AOV,Request NPS,Loyalty Email,Crossell email,Product,Facebook retargetting,Email,Lenora Parzis
139,Risk level equal,Upsell mail,Medium Risk,Not onboarded,35,Farrel,Pirson,Chemical Engineer,Meeveo,,farrel.pirson@meeveo.com,88,Meeveo,Increase in complaints,Not onboarded,Didnt purchase for a long time,Upsell email,Upsell mail,Crossell email,Email,Ads,Email,Farrel Pirson
140,Risk level up,Retargetting Ad,High risk,Not onboarded,15,Archy,McCome,Senior Sales Associate,Voonix,,archy.mccome@voonix.com,630,Voonix,Low usage score,Not onboarded,Lives in provincial area,Loyalty email,Retargetting Ad,Upsell email,CSM,Email,Facebook retargetting,Archy McCome
141,Risk level up,Retargetting Ad,Low risk,Early subscription,5,Otho,Snalom,Tax Accountant,Eamia,,otho.snalom@eamia.com,250,Eamia,Low MRR,Early subscription,Didnt purchase for a long time,Send training video,Retargetting Ad,Product recommendation,Product,Telemarketing,Facebook retargetting,Otho Snalom
142,Risk level down,Loyalty Email,Low risk,Low engagement,5,Issie,Blas,Programmer Analyst III,Einti,,issie.blas@einti.com,630,Einti,New client,Low engagement,High AOV,Request NPS,Loyalty Email,Upsell email,Telemarketing,Facebook retargetting,Telemarketing,Issie Blas
143,Risk level equal,Loyalty Email,Medium Risk,Low engagement,35,Coleman,Steddall,Design Engineer,Twitternation,,coleman.steddall@twitternation.com,250,Twitternation,Increase in complaints,Low engagement,Lives in provincial area,Propose new feature,Loyalty Email,Free product,Product,Telemarketing,Facebook retargetting,Coleman Steddall
144,Risk level equal,Loyalty Email,Low risk,Not onboarded,50,Bobbye,Gwyther,Software Test Engineer IV,Jabbertype,(966) 511-5956,bobbye.gwyther@jabbertype.com,88,Jabbertype,Downgraded product,Not onboarded,Young age,Free consult,Loyalty Email,Product recommendation,CSM,Ads,Sms,Bobbye Gwyther
145,Risk level down,Upsell mail,Low risk,Not onboarded,5,Freida,McNish,Operator,Devshare,(267) 832-6703,freida.mcnish@devshare.com,88,Devshare,Low MRR,Not onboarded,Unsubscribed,Send training video,Upsell mail,Crossell email,Email,Email,Facebook retargetting,Freida McNish
146,Risk level down,Loyalty Email,Medium Risk,Not onboarded,50,Angel,MacAnespie,Account Executive,Yombu,,angel.macanespie@yombu.com,88,Yombu,Low Engagement,Not onboarded,Low Engagement,Propose new feature,Loyalty Email,Upsell email,CSM,Facebook retargetting,Ads,Angel MacAnespie
147,Risk level equal,Upsell mail,Medium Risk,Low engagement,35,Nigel,O'Doherty,GIS Technical Architect,Izio,(419) 227-8841,nigel.odoherty@izio.com,88,Izio,New client,Low engagement,Lives in provincial area,Upsell email,Upsell mail,Give discount,Ads,Telemarketing,Email,Nigel O'Doherty
148,Risk level down,Loyalty Email,Low risk,Not onboarded,5,Lonnie,Redmire,Structural Analysis Engineer,Jetwire,,lonnie.redmire@jetwire.com,250,Jetwire,Not onboarded,Not onboarded,Unsubscribed,Free consult,Loyalty Email,Give discount,CSM,Facebook retargetting,Facebook retargetting,Lonnie Redmire
149,Risk level down,Retargetting Ad,Medium Risk,Low engagement,20,Justis,Pogue,Analog Circuit Design manager,Feedfish,(489) 278-8115,justis.pogue@feedfish.com,630,Feedfish,Low Engagement,Low engagement,Low Engagement,Loyalty email,Retargetting Ad,Free product,Ads,Email,Ads,Justis Pogue
150,Risk level down,Loyalty Email,High risk,Low engagement,50,Dwight,Took,Chief Design Engineer,Quimm,(223) 937-4045,dwight.took@quimm.com,250,Quimm,Low MRR,Low engagement,High AOV,Request demo,Loyalty Email,Upsell email,Telemarketing,Sms,Email,Dwight Took
151,Risk level equal,Retargetting Ad,Low risk,Low engagement,5,Nellie,Van Der Weedenburg,Technical Writer,Youbridge,,nellie.vanderweedenburg@youbridge.com,88,Youbridge,Downgraded product,Low engagement,Low Engagement,Loyalty email,Retargetting Ad,Crossell email,Ads,Sms,Ads,Nellie Van Der Weedenburg
152,Risk level down,Retargetting Ad,Medium Risk,Early subscription,35,Martina,Newark,Graphic Designer,Devify,(698) 583-5189,martina.newark@devify.com,630,Devify,Low Engagement,Early subscription,High AOV,Upsell email,Retargetting Ad,Product recommendation,CSM,Sms,Telemarketing,Martina Newark
153,Risk level down,Loyalty Email,Medium Risk,Low engagement,10,Edward,Aughtie,Chemical Engineer,Jabbersphere,(935) 340-3322,edward.aughtie@jabbersphere.com,250,Jabbersphere,Low usage score,Low engagement,Unsubscribed,Send training video,Loyalty Email,Upsell email,Telemarketing,Facebook retargetting,Sms,Edward Aughtie
154,Risk level down,Retargetting Ad,High risk,Not onboarded,5,Chantalle,Terris,Paralegal,Janyx,(554) 802-9675,chantalle.terris@janyx.com,88,Janyx,Increase in complaints,Not onboarded,High AOV,Request demo,Retargetting Ad,Product recommendation,Ads,Ads,Ads,Chantalle Terris
155,Risk level up,Loyalty Email,High risk,Low engagement,35,Merry,Espinay,Structural Analysis Engineer,Innojam,(679) 917-9271,merry.espinay@innojam.com,88,Innojam,Not onboarded,Low engagement,Unsubscribed,Propose new feature,Loyalty Email,Free product,Email,Sms,Email,Merry Espinay
156,Risk level equal,Retargetting Ad,Medium Risk,Early subscription,50,Stefanie,Grasner,Senior Editor,Eazzy,,stefanie.grasner@eazzy.com,250,Eazzy,Increase in complaints,Early subscription,Low Engagement,Free consult,Retargetting Ad,Crossell email,Email,Telemarketing,Email,Stefanie Grasner
157,Risk level up,Loyalty Email,High risk,Low engagement,50,Sauncho,Steadman,Web Designer III,Brainsphere,,sauncho.steadman@brainsphere.com,630,Brainsphere,Low usage score,Low engagement,Didnt purchase for a long time,Loyalty email,Loyalty Email,Crossell email,Email,Sms,Ads,Sauncho Steadman
158,Risk level down,Upsell mail,Low risk,Early subscription,5,Joyce,Aleswell,Analyst Programmer,Linktype,(453) 606-0942,joyce.aleswell@linktype.com,88,Linktype,New client,Early subscription,Didnt purchase for a long time,Send training video,Upsell mail,Give discount,Email,Ads,Sms,Joyce Aleswell
159,Risk level down,Upsell mail,Low risk,Low engagement,5,Daniella,Prosek,Business Systems Development Analyst,Yamia,,daniella.prosek@yamia.com,250,Yamia,Increase in complaints,Low engagement,Unsubscribed,Free consult,Upsell mail,Loyalty email,Telemarketing,Sms,Ads,Daniella Prosek
160,Risk level equal,Loyalty Email,Medium Risk,Not onboarded,10,Ardis,Pepys,Business Systems Development Analyst,Tazzy,(610) 836-6235,ardis.pepys@tazzy.com,250,Tazzy,Downgraded product,Not onboarded,Low Engagement,Send training video,Loyalty Email,Loyalty email,Email,Email,Email,Ardis Pepys
161,Risk level down,Retargetting Ad,Low risk,Early subscription,10,Markus,Robertucci,Budget/Accounting Analyst IV,Yabox,(722) 827-5046,markus.robertucci@yabox.com,250,Yabox,New client,Early subscription,Unsubscribed,Request NPS,Retargetting Ad,Upsell email,Ads,Ads,Ads,Markus Robertucci
162,Risk level down,Upsell mail,Medium Risk,Low engagement,20,Kingsly,Enrrico,Editor,Thoughtstorm,(347) 128-0839,kingsly.enrrico@thoughtstorm.com,250,Thoughtstorm,Downgraded product,Low engagement,Didnt purchase for a long time,Loyalty email,Upsell mail,Free product,Email,Ads,Telemarketing,Kingsly Enrrico
163,Risk level up,Upsell mail,Low risk,Early subscription,10,Weylin,Wotherspoon,Technical Writer,Yabox,,weylin.wotherspoon@yabox.com,250,Yabox,Not onboarded,Early subscription,Lives in provincial area,Loyalty email,Upsell mail,Product recommendation,Ads,Telemarketing,Facebook retargetting,Weylin Wotherspoon
164,Risk level down,Retargetting Ad,High risk,Not onboarded,35,Cathy,Whithorn,Paralegal,Mydo,(289) 467-0310,cathy.whithorn@mydo.com,250,Mydo,Low MRR,Not onboarded,Low Engagement,Request demo,Retargetting Ad,Crossell email,CSM,Email,Facebook retargetting,Cathy Whithorn
165,Risk level down,Retargetting Ad,Medium Risk,Not onboarded,5,Clarance,Sine,Quality Control Specialist,Devify,(436) 175-2806,clarance.sine@devify.com,630,Devify,Downgraded product,Not onboarded,Low Engagement,Request NPS,Retargetting Ad,Product recommendation,Email,Ads,Sms,Clarance Sine
166,Risk level up,Upsell mail,High risk,Early subscription,35,Dalia,Lacasa,Quality Engineer,Jaxnation,(482) 568-3249,dalia.lacasa@jaxnation.com,630,Jaxnation,Increase in complaints,Early subscription,Didnt purchase for a long time,Free consult,Upsell mail,Loyalty email,Telemarketing,Email,Telemarketing,Dalia Lacasa
167,Risk level down,Loyalty Email,Medium Risk,Low engagement,35,Berny,Antonio,Occupational Therapist,Camido,(230) 218-9321,berny.antonio@camido.com,250,Camido,Increase in complaints,Low engagement,Unsubscribed,Upsell email,Loyalty Email,Product recommendation,CSM,Sms,Sms,Berny Antonio
168,Risk level down,Loyalty Email,Low risk,Low engagement,10,Jessee,Freckelton,Web Designer II,Latz,(696) 906-2173,jessee.freckelton@latz.com,630,Latz,Downgraded product,Low engagement,Young age,Propose new feature,Loyalty Email,Loyalty email,CSM,Ads,Email,Jessee Freckelton
169,Risk level up,Retargetting Ad,Low risk,Low engagement,50,Danice,McCleod,Systems Administrator II,Skiba,,danice.mccleod@skiba.com,88,Skiba,New client,Low engagement,Lives in provincial area,Send training video,Retargetting Ad,Loyalty email,Product,Ads,Sms,Danice McCleod
170,Risk level down,Upsell mail,High risk,Low engagement,35,Chryste,Ord,Cost Accountant,Eare,,chryste.ord@eare.com,88,Eare,Increase in complaints,Low engagement,High AOV,Upsell email,Upsell mail,Product recommendation,CSM,Sms,Ads,Chryste Ord
171,Risk level equal,Retargetting Ad,Low risk,Low engagement,10,Rollo,Tivnan,Analyst Programmer,BlogXS,,rollo.tivnan@blogxs.com,250,BlogXS,Low usage score,Low engagement,Lives in provincial area,Request demo,Retargetting Ad,Crossell email,Ads,Sms,Sms,Rollo Tivnan
172,Risk level equal,Loyalty Email,Low risk,Early subscription,50,Angel,Sirette,Social Worker,Blogpad,(492) 118-5297,angel.sirette@blogpad.com,250,Blogpad,Not onboarded,Early subscription,Lives in provincial area,Free consult,Loyalty Email,Give discount,CSM,Facebook retargetting,Telemarketing,Angel Sirette
173,Risk level down,Upsell mail,Low risk,Not onboarded,15,Violetta,Carding,Dental Hygienist,Abatz,(250) 140-2382,violetta.carding@abatz.com,630,Abatz,Low usage score,Not onboarded,High AOV,Request demo,Upsell mail,Crossell email,CSM,Telemarketing,Sms,Violetta Carding
174,Risk level down,Retargetting Ad,Low risk,Low engagement,10,Marya,Fessions,VP Quality Control,Lazzy,,marya.fessions@lazzy.com,88,Lazzy,Low usage score,Low engagement,Low Engagement,Send training video,Retargetting Ad,Free product,CSM,Sms,Telemarketing,Marya Fessions
175,Risk level equal,Retargetting Ad,Medium Risk,Low engagement,35,Rory,Motto,Sales Associate,Photobug,106-261-2153,rory.motto@photobug.com,250,Photobug,New client,Low engagement,Low Engagement,Loyalty email,Retargetting Ad,Give discount,Ads,Email,Email,Rory Motto
176,Risk level equal,Upsell mail,Medium Risk,Low engagement,10,Erik,Driffe,VP Quality Control,Blognation,(597) 820-9873,erik.driffe@blognation.com,250,Blognation,Downgraded product,Low engagement,Unsubscribed,Propose new feature,Upsell mail,Free product,Telemarketing,Facebook retargetting,Facebook retargetting,Erik Driffe
177,Risk level equal,Loyalty Email,Low risk,Low engagement,10,Elia,Dorian,Software Test Engineer IV,Yakidoo,174-592-7109,elia.dorian@yakidoo.com,88,Yakidoo,Increase in complaints,Low engagement,Didnt purchase for a long time,Upsell email,Loyalty Email,Give discount,Ads,Facebook retargetting,Sms,Elia Dorian
178,Risk level equal,Upsell mail,Medium Risk,Not onboarded,35,Bing,Grimsley,Senior Sales Associate,Devshare,,bing.grimsley@devshare.com,630,Devshare,Low MRR,Not onboarded,Young age,Loyalty email,Upsell mail,Crossell email,Telemarketing,Telemarketing,Sms,Bing Grimsley
179,Risk level up,Upsell mail,Medium Risk,Not onboarded,10,Philippa,Lacasa,Human Resources Manager,Quaxo,(365) 486-0265,philippa.lacasa@quaxo.com,630,Quaxo,Downgraded product,Not onboarded,High AOV,Free consult,Upsell mail,Loyalty email,Ads,Sms,Email,Philippa Lacasa
180,Risk level equal,Loyalty Email,Medium Risk,Not onboarded,20,Willamina,Vanyukov,Dental Hygienist,Browseblab,(324) 165-9376,willamina.vanyukov@browseblab.com,88,Browseblab,Not onboarded,Not onboarded,Lives in provincial area,Request NPS,Loyalty Email,Product recommendation,Email,Telemarketing,Facebook retargetting,Willamina Vanyukov
181,Risk level down,Upsell mail,Medium Risk,Early subscription,50,Halette,Morris,Sales Representative,Yamia,(615) 955-6849,halette.morris@yamia.com,630,Yamia,Low Engagement,Early subscription,Lives in provincial area,Propose new feature,Upsell mail,Free product,CSM,Sms,Sms,Halette Morris
182,Risk level equal,Retargetting Ad,Low risk,Not onboarded,35,Ardeen,Duchart,Marketing Manager,Yakitri,(265) 273-7308,ardeen.duchart@yakitri.com,250,Yakitri,New client,Not onboarded,Unsubscribed,Request demo,Retargetting Ad,Crossell email,Email,Telemarketing,Facebook retargetting,Ardeen Duchart
183,Risk level down,Loyalty Email,High risk,Not onboarded,35,Selig,Bradbrook,Human Resources Assistant II,Camido,(560) 287-3252,selig.bradbrook@camido.com,630,Camido,Low MRR,Not onboarded,Didnt purchase for a long time,Request demo,Loyalty Email,Product recommendation,Product,Facebook retargetting,Email,Selig Bradbrook
184,Risk level down,Upsell mail,Low risk,Low engagement,5,Viviana,Turvie,VP Marketing,Gabtune,,viviana.turvie@gabtune.com,88,Gabtune,Low usage score,Low engagement,High AOV,Loyalty email,Upsell mail,Loyalty email,Product,Telemarketing,Facebook retargetting,Viviana Turvie
185,Risk level equal,Loyalty Email,High risk,Early subscription,50,Guthry,Gateland,Human Resources Assistant II,Gigashots,(905) 432-4585,guthry.gateland@gigashots.com,250,Gigashots,Not onboarded,Early subscription,High AOV,Loyalty email,Loyalty Email,Crossell email,Product,Facebook retargetting,Telemarketing,Guthry Gateland
186,Risk level up,Upsell mail,Medium Risk,Not onboarded,20,Magda,Ferens,Analyst Programmer,Yabox,,magda.ferens@yabox.com,250,Yabox,Downgraded product,Not onboarded,Young age,Request NPS,Upsell mail,Loyalty email,Telemarketing,Email,Ads,Magda Ferens
187,Risk level equal,Retargetting Ad,Medium Risk,Not onboarded,15,Haydon,Brimson,Health Coach I,Midel,(351) 750-9250,haydon.brimson@midel.com,630,Midel,Low MRR,Not onboarded,Didnt purchase for a long time,Request NPS,Retargetting Ad,Give discount,Product,Ads,Sms,Haydon Brimson
188,Risk level equal,Loyalty Email,High risk,Early subscription,50,Charlene,Setch,Director of Sales,Oba,(550) 766-1173,charlene.setch@oba.com,630,Oba,Downgraded product,Early subscription,High AOV,Send training video,Loyalty Email,Free product,CSM,Sms,Email,Charlene Setch
189,Risk level down,Loyalty Email,High risk,Early subscription,10,Enriqueta,Ascough,Nurse Practicioner,Fanoodle,,enriqueta.ascough@fanoodle.com,630,Fanoodle,Not onboarded,Early subscription,Young age,Send training video,Loyalty Email,Product recommendation,Email,Ads,Ads,Enriqueta Ascough
190,Risk level up,Loyalty Email,High risk,Early subscription,35,Constantia,Lantry,Internal Auditor,Twimbo,,constantia.lantry@twimbo.com,88,Twimbo,Downgraded product,Early subscription,High AOV,Free consult,Loyalty Email,Product recommendation,CSM,Ads,Ads,Constantia Lantry
191,Risk level equal,Upsell mail,Low risk,Not onboarded,10,Nico,Kienlein,Social Worker,Jetwire,(865) 209-7092,nico.kienlein@jetwire.com,630,Jetwire,Increase in complaints,Not onboarded,Low Engagement,Propose new feature,Upsell mail,Loyalty email,CSM,Sms,Telemarketing,Nico Kienlein
192,Risk level up,Loyalty Email,Low risk,Low engagement,35,Jethro,Oulett,Community Outreach Specialist,Yambee,,jethro.oulett@yambee.com,630,Yambee,Low MRR,Low engagement,Low Engagement,Request demo,Loyalty Email,Crossell email,Ads,Ads,Ads,Jethro Oulett
193,Risk level up,Loyalty Email,High risk,Early subscription,35,Jemie,Loyns,Community Outreach Specialist,Topiczoom,(809) 565-6772,jemie.loyns@topiczoom.com,250,Topiczoom,Increase in complaints,Early subscription,Unsubscribed,Request NPS,Loyalty Email,Product recommendation,Email,Sms,Telemarketing,Jemie Loyns
194,Risk level up,Upsell mail,Medium Risk,Not onboarded,35,Codi,Makiver,Programmer IV,Agimba,(363) 963-7755,codi.makiver@agimba.com,250,Agimba,New client,Not onboarded,Young age,Request demo,Upsell mail,Product recommendation,Email,Sms,Facebook retargetting,Codi Makiver
195,Risk level up,Upsell mail,Medium Risk,Not onboarded,15,Rriocard,Di Maggio,Help Desk Operator,Aibox,,rriocard.dimaggio@aibox.com,88,Aibox,Low Engagement,Not onboarded,Young age,Free consult,Upsell mail,Product recommendation,CSM,Ads,Email,Rriocard Di Maggio
196,Risk level up,Retargetting Ad,Low risk,Early subscription,20,Etta,Takkos,Dental Hygienist,Bubbletube,102-243-4733,etta.takkos@bubbletube.com,88,Bubbletube,New client,Early subscription,Lives in provincial area,Request NPS,Retargetting Ad,Give discount,Ads,Ads,Telemarketing,Etta Takkos
197,Risk level equal,Retargetting Ad,High risk,Early subscription,50,Simmonds,O'Lennachain,Health Coach II,Oyoyo,(446) 805-7875,simmonds.olennachain@oyoyo.com,88,Oyoyo,Downgraded product,Early subscription,Young age,Send training video,Retargetting Ad,Loyalty email,Product,Ads,Ads,Simmonds O'Lennachain
198,Risk level equal,Upsell mail,Medium Risk,Early subscription,10,Tandy,Thredder,Account Coordinator,Youtags,(763) 744-7778,tandy.thredder@youtags.com,250,Youtags,Increase in complaints,Early subscription,Didnt purchase for a long time,Propose new feature,Upsell mail,Product recommendation,Product,Email,Telemarketing,Tandy Thredder
199,Risk level down,Upsell mail,High risk,Early subscription,35,Stephana,Bogart,Recruiter,Zoombox,(202) 322-3442,stephana.bogart@zoombox.com,250,Zoombox,Low usage score,Early subscription,Low Engagement,Request NPS,Upsell mail,Crossell email,Telemarketing,Ads,Telemarketing,Stephana Bogart
200,Risk level down,Retargetting Ad,High risk,Low engagement,15,Katee,Haisell,Director of Sales,Jabbertype,(213) 617-7869,katee.haisell@jabbertype.com,88,Jabbertype,Low usage score,Low engagement,Young age,Loyalty email,Retargetting Ad,Crossell email,Ads,Sms,Facebook retargetting,Katee Haisell
201,Risk level equal,Loyalty Email,High risk,Not onboarded,5,Fallon,Langforth,Mechanical Systems Engineer,Oba,(308) 637-2699,fallon.langforth@oba.com,250,Oba,Low usage score,Not onboarded,Low Engagement,Loyalty email,Loyalty Email,Product recommendation,Product,Sms,Email,Fallon Langforth
202,Risk level up,Upsell mail,High risk,Not onboarded,10,Natalee,Loughan,Automation Specialist IV,Myworks,(611) 956-7187,natalee.loughan@myworks.com,630,Myworks,Low Engagement,Not onboarded,High AOV,Send training video,Upsell mail,Give discount,Telemarketing,Sms,Sms,Natalee Loughan
203,Risk level equal,Upsell mail,Medium Risk,Low engagement,50,Tybie,Francey,Statistician II,JumpXS,,tybie.francey@jumpxs.com,630,JumpXS,Downgraded product,Low engagement,Unsubscribed,Free consult,Upsell mail,Crossell email,Product,Facebook retargetting,Email,Tybie Francey
204,Risk level up,Retargetting Ad,Low risk,Early subscription,20,Danita,Allcock,Chief Design Engineer,Quinu,(966) 939-3234,danita.allcock@quinu.com,88,Quinu,Not onboarded,Early subscription,Lives in provincial area,Send training video,Retargetting Ad,Loyalty email,Product,Email,Telemarketing,Danita Allcock
205,Risk level up,Retargetting Ad,Low risk,Not onboarded,20,Mignonne,Sleford,Quality Engineer,Topdrive,(788) 277-5583,mignonne.sleford@topdrive.com,630,Topdrive,Not onboarded,Not onboarded,Low Engagement,Request demo,Retargetting Ad,Crossell email,Telemarketing,Facebook retargetting,Facebook retargetting,Mignonne Sleford
206,Risk level down,Retargetting Ad,Medium Risk,Early subscription,20,Aldric,Canavan,Executive Secretary,Latz,(344) 711-3888,aldric.canavan@latz.com,250,Latz,Low MRR,Early subscription,Lives in provincial area,Send training video,Retargetting Ad,Loyalty email,Telemarketing,Ads,Ads,Aldric Canavan
207,Risk level equal,Retargetting Ad,Medium Risk,Not onboarded,50,Danny,Gorry,Speech Pathologist,Yakidoo,(911) 234-3098,danny.gorry@yakidoo.com,250,Yakidoo,Not onboarded,Not onboarded,Low Engagement,Upsell email,Retargetting Ad,Free product,Telemarketing,Email,Sms,Danny Gorry
208,Risk level equal,Retargetting Ad,High risk,Not onboarded,10,Saundra,Bromidge,Nuclear Power Engineer,Devcast,(559) 627-6553,saundra.bromidge@devcast.com,250,Devcast,Downgraded product,Not onboarded,Young age,Request demo,Retargetting Ad,Upsell email,CSM,Email,Telemarketing,Saundra Bromidge
209,Risk level up,Retargetting Ad,Low risk,Early subscription,15,Aila,McPharlain,Automation Specialist II,Brainsphere,(590) 464-1518,aila.mcpharlain@brainsphere.com,630,Brainsphere,Downgraded product,Early subscription,Young age,Request demo,Retargetting Ad,Upsell email,Product,Email,Sms,Aila McPharlain
210,Risk level equal,Retargetting Ad,High risk,Not onboarded,50,Dill,Kellert,Administrative Officer,Myworks,(240) 904-3257,dill.kellert@myworks.com,88,Myworks,Increase in complaints,Not onboarded,Lives in provincial area,Loyalty email,Retargetting Ad,Loyalty email,Product,Email,Ads,Dill Kellert
211,Risk level down,Retargetting Ad,Medium Risk,Not onboarded,10,Nolly,Cowthart,Geological Engineer,Yombu,,nolly.cowthart@yombu.com,88,Yombu,Not onboarded,Not onboarded,Lives in provincial area,Propose new feature,Retargetting Ad,Crossell email,CSM,Sms,Sms,Nolly Cowthart
212,Risk level down,Loyalty Email,Medium risk,Low engagement,50,Nan,Molineux,Data Coordiator,Yodel,,nan.molineux@yodel.com,88,Yodel,Downgraded product,Low engagement,Young age,Request NPS,Loyalty Email,Upsell email,Ads,Sms,Telemarketing,Nan Molineux
213,Risk level down,Upsell mail,Low Risk,Early subscription,35,Prudy,Haysom,Software Engineer IV,Twimm,,prudy.haysom@twimm.com,88,Twimm,Low usage score,Early subscription,Low Engagement,Propose new feature,Upsell mail,Crossell email,Ads,Email,Sms,Prudy Haysom
214,Risk level down,Upsell mail,High risk,Low engagement,10,Donny,Rizzone,Paralegal,Pixonyx,,donny.rizzone@pixonyx.com,88,Pixonyx,Increase in complaints,Low engagement,Unsubscribed,Upsell email,Upsell mail,Product recommendation,Ads,Email,Sms,Donny Rizzone
215,Risk level equal,Retargetting Ad,Low risk,Early subscription,35,Nicholas,Pettingill,Media Manager I,Flashset,,nicholas.pettingill@flashset.com,250,Flashset,Downgraded product,Early subscription,Lives in provincial area,Free consult,Retargetting Ad,Upsell email,Ads,Sms,Telemarketing,Nicholas Pettingill
216,Risk level equal,Upsell mail,High Risk,Low engagement,5,Debera,Exton,Mechanical Systems Engineer,Avavee,(938) 863-2053,debera.exton@avavee.com,250,Avavee,Low Engagement,Low engagement,Didnt purchase for a long time,Propose new feature,Upsell mail,Give discount,Email,Email,Ads,Debera Exton
217,Risk level up,Retargetting Ad,High risk,Low engagement,50,Benton,Mandal,VP Accounting,Eayo,(305) 268-0935,benton.mandal@eayo.com,630,Eayo,Low usage score,Low engagement,Lives in provincial area,Upsell email,Retargetting Ad,Crossell email,CSM,Facebook retargetting,Telemarketing,Benton Mandal
218,Risk level down,Retargetting Ad,Medium Risk,Early subscription,35,Irving,Theuss,Developer IV,Rooxo,,irving.theuss@rooxo.com,250,Rooxo,Not onboarded,Early subscription,Didnt purchase for a long time,Loyalty email,Retargetting Ad,Give discount,Telemarketing,Ads,Ads,Irving Theuss
219,Risk level down,Loyalty Email,Medium Risk,Low engagement,50,Roseanne,Poyle,VP Quality Control,Youtags,,roseanne.poyle@youtags.com,250,Youtags,Low usage score,Low engagement,High AOV,Propose new feature,Loyalty Email,Free product,Telemarketing,Sms,Telemarketing,Roseanne Poyle
220,Risk level equal,Retargetting Ad,Low risk,Low engagement,35,Rivy,Collip,Statistician III,Voonte,,rivy.collip@voonte.com,250,Voonte,Low usage score,Low engagement,Young age,Loyalty email,Retargetting Ad,Crossell email,Product,Ads,Telemarketing,Rivy Collip
221,Risk level equal,Retargetting Ad,High risk,Not onboarded,10,Sadie,Sawyers,Operator,Tagtune,132-139-9644,sadie.sawyers@tagtune.com,88,Tagtune,New client,Not onboarded,Didnt purchase for a long time,Request NPS,Retargetting Ad,Upsell email,Telemarketing,Telemarketing,Email,Sadie Sawyers
222,Risk level up,Retargetting Ad,High risk,Early subscription,35,Piggy,Tidridge,Recruiter,Ntag,(778) 929-5789,piggy.tidridge@ntag.com,88,Ntag,Low MRR,Early subscription,Low Engagement,Send training video,Retargetting Ad,Crossell email,Email,Ads,Facebook retargetting,Piggy Tidridge
223,Risk level down,Retargetting Ad,Medium Risk,Not onboarded,50,Cristian,Ambrogiotti,Tax Accountant,Aibox,(839) 757-1793,cristian.ambrogiotti@aibox.com,630,Aibox,Downgraded product,Not onboarded,Low Engagement,Upsell email,Retargetting Ad,Loyalty email,CSM,Telemarketing,Telemarketing,Cristian Ambrogiotti
224,Risk level equal,Retargetting Ad,High risk,Early subscription,50,Marj,Fradgley,Sales Representative,Edgeclub,(313) 109-3304,marj.fradgley@edgeclub.com,250,Edgeclub,Increase in complaints,Early subscription,Didnt purchase for a long time,Propose new feature,Retargetting Ad,Product recommendation,CSM,Ads,Email,Marj Fradgley
225,Risk level equal,Loyalty Email,High risk,Early subscription,35,Joete,Beatens,Staff Scientist,Thoughtstorm,,joete.beatens@thoughtstorm.com,88,Thoughtstorm,Low Engagement,Early subscription,Unsubscribed,Send training video,Loyalty Email,Product recommendation,Product,Facebook retargetting,Ads,Joete Beatens
226,Risk level up,Loyalty Email,Low risk,Low engagement,5,Kenny,Burling,Project Manager,Skaboo,,kenny.burling@skaboo.com,630,Skaboo,Low Engagement,Low engagement,Lives in provincial area,Upsell email,Loyalty Email,Crossell email,Ads,Ads,Telemarketing,Kenny Burling
227,Risk level down,Retargetting Ad,Low risk,Not onboarded,35,Roderigo,Ply,Environmental Specialist,Feedfire,,roderigo.ply@feedfire.com,250,Feedfire,Not onboarded,Not onboarded,High AOV,Request NPS,Retargetting Ad,Give discount,Email,Facebook retargetting,Ads,Roderigo Ply
228,Risk level up,Retargetting Ad,Medium Risk,Low engagement,5,Russ,Dempster,Product Engineer,Gabtune,(202) 359-4234,russ.dempster@gabtune.com,250,Gabtune,Increase in complaints,Low engagement,Didnt purchase for a long time,Send training video,Retargetting Ad,Loyalty email,CSM,Facebook retargetting,Facebook retargetting,Russ Dempster
229,Risk level down,Upsell mail,Medium Risk,Not onboarded,15,Lucius,Porteous,Database Administrator IV,Gabtune,(226) 725-3385,lucius.porteous@gabtune.com,630,Gabtune,Downgraded product,Not onboarded,Low Engagement,Upsell email,Upsell mail,Product recommendation,CSM,Ads,Telemarketing,Lucius Porteous
230,Risk level equal,Retargetting Ad,Medium Risk,Early subscription,10,Matthiew,Belham,Operator,Yambee,(381) 310-0248,matthiew.belham@yambee.com,630,Yambee,Not onboarded,Early subscription,Young age,Request NPS,Retargetting Ad,Free product,CSM,Telemarketing,Sms,Matthiew Belham
231,Risk level equal,Loyalty Email,Medium Risk,Not onboarded,20,Fulton,Swindles,Civil Engineer,Bubblemix,,fulton.swindles@bubblemix.com,630,Bubblemix,Increase in complaints,Not onboarded,Unsubscribed,Free consult,Loyalty Email,Free product,Product,Facebook retargetting,Telemarketing,Fulton Swindles
232,Risk level down,Upsell mail,Medium Risk,Early subscription,35,Jacqui,Ainslie,Sales Representative,Oodoo,(740) 614-0344,jacqui.ainslie@oodoo.com,630,Oodoo,Increase in complaints,Early subscription,Unsubscribed,Loyalty email,Upsell mail,Free product,Product,Sms,Telemarketing,Jacqui Ainslie
233,Risk level equal,Upsell mail,Low risk,Low engagement,15,Myrwyn,Bengtson,Staff Accountant II,Zava,(452) 971-1114,myrwyn.bengtson@zava.com,88,Zava,Low Engagement,Low engagement,High AOV,Upsell email,Upsell mail,Product recommendation,Ads,Ads,Sms,Myrwyn Bengtson
234,Risk level equal,Retargetting Ad,Medium Risk,Not onboarded,5,Gradeigh,Durrant,Actuary,BlogXS,169-577-6724,gradeigh.durrant@blogxs.com,250,BlogXS,Downgraded product,Not onboarded,Young age,Free consult,Retargetting Ad,Crossell email,Telemarketing,Facebook retargetting,Ads,Gradeigh Durrant
235,Risk level equal,Retargetting Ad,Low risk,Not onboarded,10,Cooper,Simonot,Sales Representative,Abatz,,cooper.simonot@abatz.com,250,Abatz,Low MRR,Not onboarded,High AOV,Loyalty email,Retargetting Ad,Product recommendation,CSM,Facebook retargetting,Telemarketing,Cooper Simonot
236,Risk level down,Upsell mail,Low risk,Low engagement,20,Birk,Horrell,Programmer I,Rhyzio,,birk.horrell@rhyzio.com,250,Rhyzio,Low usage score,Low engagement,Low Engagement,Send training video,Upsell mail,Upsell email,Product,Ads,Ads,Birk Horrell
237,Risk level equal,Retargetting Ad,Medium Risk,Low engagement,20,Francene,Gircke,Business Systems Development Analyst,Blogtag,(863) 999-2360,francene.gircke@blogtag.com,630,Blogtag,Low MRR,Low engagement,Didnt purchase for a long time,Request demo,Retargetting Ad,Product recommendation,Ads,Telemarketing,Email,Francene Gircke
238,Risk level down,Upsell mail,Low risk,Early subscription,15,Livvie,Manser,Project Manager,Flashpoint,(558) 195-1552,livvie.manser@flashpoint.com,88,Flashpoint,Low usage score,Early subscription,High AOV,Loyalty email,Upsell mail,Crossell email,CSM,Sms,Ads,Livvie Manser
239,Risk level down,Retargetting Ad,Low risk,Early subscription,20,Frants,Smelley,Software Consultant,Edgeclub,,frants.smelley@edgeclub.com,250,Edgeclub,Low MRR,Early subscription,Unsubscribed,Request NPS,Retargetting Ad,Crossell email,Email,Telemarketing,Email,Frants Smelley
240,Risk level down,Retargetting Ad,Medium Risk,Low engagement,50,Shir,Pinck,Information Systems Manager,Rooxo,,shir.pinck@rooxo.com,250,Rooxo,Not onboarded,Low engagement,Unsubscribed,Request NPS,Retargetting Ad,Upsell email,Email,Sms,Telemarketing,Shir Pinck
241,Risk level equal,Upsell mail,High risk,Not onboarded,10,Gleda,Bicksteth,Tax Accountant,Rhyzio,,gleda.bicksteth@rhyzio.com,88,Rhyzio,Not onboarded,Not onboarded,Young age,Request demo,Upsell mail,Upsell email,Ads,Facebook retargetting,Telemarketing,Gleda Bicksteth
242,Risk level equal,Loyalty Email,Medium Risk,Not onboarded,10,Manfred,Muscott,Programmer Analyst III,InnoZ,,manfred.muscott@innoz.com,250,InnoZ,Downgraded product,Not onboarded,Unsubscribed,Request demo,Loyalty Email,Give discount,CSM,Facebook retargetting,Email,Manfred Muscott
243,Risk level down,Upsell mail,High risk,Low engagement,50,Babita,Gantley,Structural Engineer,Photojam,(493) 476-7036,babita.gantley@photojam.com,250,Photojam,Low MRR,Low engagement,Didnt purchase for a long time,Loyalty email,Upsell mail,Loyalty email,Email,Email,Facebook retargetting,Babita Gantley
244,Risk level up,Upsell mail,Medium Risk,Not onboarded,20,Susy,Ansty,Actuary,Lazzy,(788) 698-2622,susy.ansty@lazzy.com,630,Lazzy,Low usage score,Not onboarded,Low Engagement,Request NPS,Upsell mail,Free product,Email,Sms,Telemarketing,Susy Ansty
245,Risk level down,Upsell mail,Low risk,Low engagement,35,Anjanette,O'Dowd,Research Assistant IV,Eayo,(570) 606-7118,anjanette.odowd@eayo.com,630,Eayo,Low usage score,Low engagement,Young age,Request NPS,Upsell mail,Crossell email,Ads,Email,Facebook retargetting,Anjanette O'Dowd
246,Risk level down,Retargetting Ad,High risk,Low engagement,10,Carlie,Cantopher,Professor,Skynoodle,,carlie.cantopher@skynoodle.com,630,Skynoodle,Not onboarded,Low engagement,Low Engagement,Propose new feature,Retargetting Ad,Upsell email,Email,Email,Sms,Carlie Cantopher
247,Risk level up,Loyalty Email,High risk,Low engagement,10,Karlens,Suffe,VP Product Management,Yadel,,karlens.suffe@yadel.com,250,Yadel,Increase in complaints,Low engagement,Unsubscribed,Request demo,Loyalty Email,Crossell email,Ads,Ads,Ads,Karlens Suffe
248,Risk level equal,Loyalty Email,Medium Risk,Early subscription,35,Nedi,Hamil,Programmer II,Zooveo,(956) 786-7447,nedi.hamil@zooveo.com,88,Zooveo,Low MRR,Early subscription,Didnt purchase for a long time,Propose new feature,Loyalty Email,Product recommendation,Ads,Sms,Sms,Nedi Hamil
249,Risk level down,Upsell mail,Medium Risk,Not onboarded,10,Artie,Dagworthy,Help Desk Operator,Abatz,,artie.dagworthy@abatz.com,88,Abatz,Low MRR,Not onboarded,Didnt purchase for a long time,Request demo,Upsell mail,Crossell email,Ads,Facebook retargetting,Sms,Artie Dagworthy
250,Risk level up,Loyalty Email,Medium Risk,Early subscription,5,Hussein,Bhatia,Structural Engineer,Cogidoo,(955) 720-7013,hussein.bhatia@cogidoo.com,250,Cogidoo,New client,Early subscription,Unsubscribed,Propose new feature,Loyalty Email,Free product,Telemarketing,Ads,Ads,Hussein Bhatia
251,Risk level down,Retargetting Ad,Medium Risk,Not onboarded,20,Pace,Moar,Social Worker,Camido,(502) 298-3974,pace.moar@camido.com,88,Camido,Not onboarded,Not onboarded,Lives in provincial area,Send training video,Retargetting Ad,Product recommendation,Telemarketing,Sms,Facebook retargetting,Pace Moar
